timestamp,workerId,group,resourceAValue,resourceBValue,randomNumber
2026-10-04T09:31:41.404Z,0,A,662,560,1222
2026-10-04T09:31:41.605Z,2,A,815,790,1605
2026-10-04T09:31:41.870Z,4,A,755,968,1723
2026-10-04T09:31:42.028Z,6,A,872,146,1018
2026-10-04T09:31:42.307Z,8,A,792,18,810
2026-10-04T09:31:42.428Z,0,A,861,950,1811
2026-10-04T09:31:42.713Z,2,A,586,707,1293
2026-10-04T09:31:42.946Z,4,A,782,750,1532
2026-10-04T09:31:43.013Z,6,A,719,701,1420
2026-10-04T09:31:43.264Z,8,A,213,967,1180
2026-10-04T09:31:43.533Z,0,A,276,120,396
2026-10-04T09:31:43.668Z,2,A,400,297,697
2026-10-04T09:31:43.787Z,4,A,69,765,834
2026-10-04T09:31:44.060Z,6,A,935,706,1641
2026-10-04T09:31:44.140Z,8,A,623,833,1456
2026-10-04T09:31:44.228Z,0,A,787,487,1274
